Folder,Name
Ash,Ash vs Evil Dead
Aurora,Binding of Kins
Cannibal,LEATHERFACE™
Comet,All-Kill
dlc2,The HALLOWEEN®️ Chapter
DLC2,The HALLOWEEN®️ Chapter
dlc3,Of Flesh and Mud
DLC3,Of Flesh and Mud
dlc4,Spark of Madness
DLC4,Spark of Madness
dlc5,A Lullaby for the Dark
DLC5,A Lullaby for the Dark
Eclipse,Resident Evil™️
England,A Nightmare on Elm Street™️
Finland,The SAW™️ Chapter
Gemini,Hellraiser™️
Kate,Kate
Guam,Curtain Call
Haiti,Shattered Bloodline
Hubble,Hour of the Witch
Ion,Portrait of a Murder
Kenya,Darkness Among Us
Kepler,Sadako Rising
L4D,Left Behind
Mali,Demise of the Faithful
Meteor,Roots of Dread
Oman,Ghost Face®️
Qatar,Stranger Things
Sweden,Cursed Legacy
Ukraine,Chains of Hate
Wales,Silent Hill
Yemen,Descend Beyond
Xipre,The Hillbilly Rework